Workbook

Sheet dashboard
H2: DELIVERY DELAY ANALYSIS

Sheet Raw
A1: record_id | B1: month | C1: route_id | D1: hub | E1: promised_days | F1: actual_days | H1: Before Row Count | I1: 13
A2: 1 | B2: Jan | C2: R1 | D2: Mumbai | E2: 2 | F2: 2 | H2: Note | I2: Original data unchanged; duplicate retained
A3: 2 | B3: Jan | C3: R2 | D3: Chennai | E3: 3 | F3: 4
A4: 3 | B4: Jan | C4: R3 | D4: Delhi | E4: 5 | F4: 8
A5: 4 | B5: Jan | C5: R4 | D5: Mumbai | E5: 6 | F5: 10
A6: 5 | B6: Feb | C6: R1 | D6: Chennai | E6: 2 | F6: 5
A7: 6 | B7: Feb | C7: R2 | D7: Delhi | E7: 3 | F7: 3
A8: 7 | B8: Feb | C8: R3 | D8: Delhi | E8: 5 | F8: 10
A9: 8 | B9: Feb | C9: R4 | D9: Chennai | E9: 6 | F9: 7
A10: 9 | B10: Mar | C10: R1 | D10: Delhi | E10: 2 | F10: 8
A11: 10 | B11: Mar | C11: R2 | D11: Mumbai | E11: 3 | F11: 5
A12: 11 | B12: Mar | C12: R3 | D12: Chennai | E12: 5 | F12: 5
A13: 12 | B13: Mar | C13: R4 | D13: Mumbai | E13: 6 | F13: 15
A14: 12 | B14: Mar | C14: R4 | D14: Mumbai | E14: 6 | F14: 15

Sheet Lookup
A1: route_id | B1: route | C1: service_type
A2: R1 | B2: Metro Link | C2: Express
A3: R2 | B3: City Dash | C3: Express
A4: R3 | B4: Highway Freight | C4: Standard
A5: R4 | B5: Rural Feeder | C5: Standard

Sheet Clean
A1: record_id | B1: month | C1: route_id | D1: hub | E1: promised_days | F1: actual_days | G1: Column1 | H1: delay_days | J1: Row Count Check
A2: 1 | B2: Jan | C2: R1 | D2: Mumbai | E2: 2 | F2: 2 | H2: =MAX(F2-E2,0) -> 0 | J2: Before | K2: 13
A3: 2 | B3: Jan | C3: R2 | D3: Chennai | E3: 3 | F3: 4 | H3: =MAX(F3-E3,0) -> 1 | J3: After | K3: 12
A4: 3 | B4: Jan | C4: R3 | D4: Delhi | E4: 5 | F4: 8 | H4: =MAX(F4-E4,0) -> 3 | J4: Duplicate Removed | K4: 1
A5: 4 | B5: Jan | C5: R4 | D5: Mumbai | E5: 6 | F5: 10 | H5: =MAX(F5-E5,0) -> 4
A6: 5 | B6: Feb | C6: R1 | D6: Chennai | E6: 2 | F6: 5 | H6: =MAX(F6-E6,0) -> 3
A7: 6 | B7: Feb | C7: R2 | D7: Delhi | E7: 3 | F7: 3 | H7: =MAX(F7-E7,0) -> 0
A8: 7 | B8: Feb | C8: R3 | D8: Delhi | E8: 5 | F8: 10 | H8: =MAX(F8-E8,0) -> 5
A9: 8 | B9: Feb | C9: R4 | D9: Chennai | E9: 6 | F9: 7 | H9: =MAX(F9-E9,0) -> 1
A10: 9 | B10: Mar | C10: R1 | D10: Delhi | E10: 2 | F10: 8 | H10: =MAX(F10-E10,0) -> 6
A11: 10 | B11: Mar | C11: R2 | D11: Mumbai | E11: 3 | F11: 5 | H11: =MAX(F11-E11,0) -> 2
A12: 11 | B12: Mar | C12: R3 | D12: Chennai | E12: 5 | F12: 5 | H12: =MAX(F12-E12,0) -> 0
A13: 12 | B13: Mar | C13: R4 | D13: Mumbai | E13: 6 | F13: 15 | H13: =MAX(F13-E13,0) -> 9

Sheet Summary
A1: Hub Delay Summary | D1: PivotTable — Total Delay Days by Service Type & Month
A3: Hub | B3: Total Delay Days | D3: Service Type | E3: Jan | F3: Feb | G3: Mar | H3: Grand Total
A4: Chennai | B4: =SUMIFS(Clean!$H:$H,Clean!$D:$D,A4) -> 5 | D4: Express | E4: =SUMIFS(Clean!$H:$H,Clean!$G:$G,$D4,Clean!$B:$B,E$3) -> 0 | F4: =SUMIFS(Clean!$H:$H,Clean!$G:$G,$D4,Clean!$B:$B,F$3) -> 0 | G4: =SUMIFS(Clean!$H:$H,Clean!$G:$G,$D4,Clean!$B:$B,G$3) -> 0 | H4: =SUM(E4:G4) -> 0
A5: Delhi | B5: =SUMIFS(Clean!$H:$H,Clean!$D:$D,A5) -> 14 | D5: Standard | E5: =SUMIFS(Clean!$H:$H,Clean!$G:$G,$D5,Clean!$B:$B,E$3) -> 0 | F5: =SUMIFS(Clean!$H:$H,Clean!$G:$G,$D5,Clean!$B:$B,F$3) -> 0 | G5: =SUMIFS(Clean!$H:$H,Clean!$G:$G,$D5,Clean!$B:$B,G$3) -> 0 | H5: =SUM(E5:G5) -> 0
A6: Mumbai | B6: =SUMIFS(Clean!$H:$H,Clean!$D:$D,A6) -> 15 | D6: Grand Total | E6: =SUM(E4:E5) -> 0 | F6: =SUM(F4:F5) -> 0 | G6: =SUM(G4:G5) -> 0 | H6: =SUM(H4:H5) -> 0
A8: Check: Chennai = 5 | Delhi = 14 | Mumbai = 15
